CHROM	POS	ID	Sample	FILTER	prot_keep	symbol	Prot_product
chr12	25245350	rs121913529	PDAC003T	PASS	Gly12Asp	KRAS	NP_001356715.1
chr12	25245350	rs121913529	PDAC003T	PASS	Gly12Asp	KRAS	NP_001356716.1
chr12	25245350	rs121913529	PDAC003T	PASS	Gly12Asp	KRAS	NP_004976.2
chr12	25245350	rs121913529	PDAC003T	PASS	Gly12Asp	KRAS	NP_203524.1
chr17	7675205		PDAC003T	PASS	Gln136Pro	TP53	NP_000537.3
chr17	7675205		PDAC003T	PASS	Gln136Pro	TP53	NP_001119584.1
chr17	7675205		PDAC003T	PASS	Gln136Pro	TP53	NP_001119585.1
chr17	7675205		PDAC003T	PASS	Gln136Pro	TP53	NP_001119586.1
chr17	7675205		PDAC003T	PASS	Gln4Pro	TP53	NP_001119587.1
chr17	7675205		PDAC003T	PASS	Gln4Pro	TP53	NP_001119588.1
chr17	7675205		PDAC003T	PASS	Gln4Pro	TP53	NP_001119589.1
chr17	7675205		PDAC003T	PASS	Gln97Pro	TP53	NP_001119590.1
chr17	7675205		PDAC003T	PASS	Gln97Pro	TP53	NP_001263624.1
chr17	7675205		PDAC003T	PASS	Gln97Pro	TP53	NP_001263625.1
chr17	7675205		PDAC003T	PASS	.	TP53	.
chr17	7675205		PDAC003T	PASS	Gln97Pro	TP53	NP_001263689.1
chr17	7675205		PDAC003T	PASS	Gln97Pro	TP53	NP_001263690.1
chr12	25245350	rs121913529	PDAC004T	PASS	Gly12Asp	KRAS	NP_001356715.1
chr12	25245350	rs121913529	PDAC004T	PASS	Gly12Asp	KRAS	NP_001356716.1
chr12	25245350	rs121913529	PDAC004T	PASS	Gly12Asp	KRAS	NP_004976.2
chr12	25245350	rs121913529	PDAC004T	PASS	Gly12Asp	KRAS	NP_203524.1
chr17	7674221	rs121912651	PDAC004T	PASS	Arg248Trp	TP53	NP_000537.3
chr17	7674221	rs121912651	PDAC004T	PASS	Arg248Trp	TP53	NP_001119584.1
chr17	7674221	rs121912651	PDAC004T	PASS	Arg248Trp	TP53	NP_001119585.1
chr17	7674221	rs121912651	PDAC004T	PASS	Arg248Trp	TP53	NP_001119586.1
chr17	7674221	rs121912651	PDAC004T	PASS	Arg116Trp	TP53	NP_001119587.1
chr17	7674221	rs121912651	PDAC004T	PASS	Arg116Trp	TP53	NP_001119588.1
chr17	7674221	rs121912651	PDAC004T	PASS	Arg116Trp	TP53	NP_001119589.1
chr17	7674221	rs121912651	PDAC004T	PASS	Arg209Trp	TP53	NP_001119590.1
chr17	7674221	rs121912651	PDAC004T	PASS	Arg209Trp	TP53	NP_001263624.1
chr17	7674221	rs121912651	PDAC004T	PASS	Arg209Trp	TP53	NP_001263625.1
chr17	7674221	rs121912651	PDAC004T	PASS	Arg89Trp	TP53	NP_001263626.1
chr17	7674221	rs121912651	PDAC004T	PASS	Arg89Trp	TP53	NP_001263627.1
chr17	7674221	rs121912651	PDAC004T	PASS	Arg89Trp	TP53	NP_001263628.1
chr17	7674221	rs121912651	PDAC004T	PASS	Arg209Trp	TP53	NP_001263689.1
chr17	7674221	rs121912651	PDAC004T	PASS	Arg209Trp	TP53	NP_001263690.1
chr18	51054928		PDAC004T	PASS	Leu201Ter	SMAD4	NP_005350.1
chr18	51054928		PDAC004T	PASS	.	SMAD4	.
chr18	51079646	rs10470	PDAC004T	PASS	.	SMAD4	.
chr12	25245350	rs121913529	PDAC005T	PASS	Gly12Asp	KRAS	NP_001356715.1
chr12	25245350	rs121913529	PDAC005T	PASS	Gly12Asp	KRAS	NP_001356716.1
chr12	25245350	rs121913529	PDAC005T	PASS	Gly12Asp	KRAS	NP_004976.2
chr12	25245350	rs121913529	PDAC005T	PASS	Gly12Asp	KRAS	NP_203524.1
chr17	7674221	rs121912651	PDAC005T	PASS	Arg248Trp	TP53	NP_000537.3
chr17	7674221	rs121912651	PDAC005T	PASS	Arg248Trp	TP53	NP_001119584.1
chr17	7674221	rs121912651	PDAC005T	PASS	Arg248Trp	TP53	NP_001119585.1
chr17	7674221	rs121912651	PDAC005T	PASS	Arg248Trp	TP53	NP_001119586.1
chr17	7674221	rs121912651	PDAC005T	PASS	Arg116Trp	TP53	NP_001119587.1
chr17	7674221	rs121912651	PDAC005T	PASS	Arg116Trp	TP53	NP_001119588.1
chr17	7674221	rs121912651	PDAC005T	PASS	Arg116Trp	TP53	NP_001119589.1
chr17	7674221	rs121912651	PDAC005T	PASS	Arg209Trp	TP53	NP_001119590.1
chr17	7674221	rs121912651	PDAC005T	PASS	Arg209Trp	TP53	NP_001263624.1
chr17	7674221	rs121912651	PDAC005T	PASS	Arg209Trp	TP53	NP_001263625.1
chr17	7674221	rs121912651	PDAC005T	PASS	Arg89Trp	TP53	NP_001263626.1
chr17	7674221	rs121912651	PDAC005T	PASS	Arg89Trp	TP53	NP_001263627.1
chr17	7674221	rs121912651	PDAC005T	PASS	Arg89Trp	TP53	NP_001263628.1
chr17	7674221	rs121912651	PDAC005T	PASS	Arg209Trp	TP53	NP_001263689.1
chr17	7674221	rs121912651	PDAC005T	PASS	Arg209Trp	TP53	NP_001263690.1
chr18	51054928		PDAC005T	PASS	Leu201Ter	SMAD4	NP_005350.1
chr18	51054928		PDAC005T	PASS	.	SMAD4	.
chr12	25245350	rs121913529	PDAC006T	PASS	Gly12Val	KRAS	NP_001356715.1
chr12	25245350	rs121913529	PDAC006T	PASS	Gly12Val	KRAS	NP_001356716.1
chr12	25245350	rs121913529	PDAC006T	PASS	Gly12Val	KRAS	NP_004976.2
chr12	25245350	rs121913529	PDAC006T	PASS	Gly12Val	KRAS	NP_203524.1
chr13	32399302	rs11571836	PDAC006T	PASS	.	BRCA2	.
chr17	7675998		PDAC006T	PASS	Cys124LeufsTer25	TP53	NP_000537.3
chr17	7675998		PDAC006T	PASS	Cys124LeufsTer25	TP53	NP_001119584.1
chr17	7675998		PDAC006T	PASS	Cys124LeufsTer25	TP53	NP_001119585.1
chr17	7675998		PDAC006T	PASS	Cys124LeufsTer25	TP53	NP_001119586.1
chr17	7675998		PDAC006T	PASS	.	TP53	.
chr17	7675998		PDAC006T	PASS	Cys85LeufsTer25	TP53	NP_001119590.1
chr17	7675998		PDAC006T	PASS	Cys85LeufsTer25	TP53	NP_001263624.1
chr17	7675998		PDAC006T	PASS	Cys85LeufsTer25	TP53	NP_001263625.1
chr17	7675998		PDAC006T	PASS	Cys85LeufsTer25	TP53	NP_001263689.1
chr17	7675998		PDAC006T	PASS	Cys85LeufsTer25	TP53	NP_001263690.1
chr17	43044391	rs12516	PDAC006T	PASS	.	BRCA1	.
chr18	51065522	rs377767345	PDAC006T	PASS	Gly352Glu	SMAD4	NP_005350.1
chr12	25245350	rs121913529	PDAC007T	PASS	Gly12Asp	KRAS	NP_001356715.1
chr12	25245350	rs121913529	PDAC007T	PASS	Gly12Asp	KRAS	NP_001356716.1
chr12	25245350	rs121913529	PDAC007T	PASS	Gly12Asp	KRAS	NP_004976.2
chr12	25245350	rs121913529	PDAC007T	PASS	Gly12Asp	KRAS	NP_203524.1
chr12	25245350	rs121913529	PDAC008T	PASS	Gly12Asp	KRAS	NP_001356715.1
chr12	25245350	rs121913529	PDAC008T	PASS	Gly12Asp	KRAS	NP_001356716.1
chr12	25245350	rs121913529	PDAC008T	PASS	Gly12Asp	KRAS	NP_004976.2
chr12	25245350	rs121913529	PDAC008T	PASS	Gly12Asp	KRAS	NP_203524.1
chr13	32333026		PDAC009T	PASS	Phe516Leu	BRCA2	NP_000050.2
chr12	25245350	rs121913529	PDAC010T	PASS	Gly12Val	KRAS	NP_001356715.1
chr12	25245350	rs121913529	PDAC010T	PASS	Gly12Val	KRAS	NP_001356716.1
chr12	25245350	rs121913529	PDAC010T	PASS	Gly12Val	KRAS	NP_004976.2
chr12	25245350	rs121913529	PDAC010T	PASS	Gly12Val	KRAS	NP_203524.1
chr13	32403207	rs769591118	PDAC010T	PASS	.	BRCA2	.
chr17	7673577		PDAC010T	PASS	Pro318AlafsTer19	TP53	NP_000537.3
chr17	7673577		PDAC010T	PASS	Pro318AlafsTer19	TP53	NP_001119584.1
chr17	7673577		PDAC010T	PASS	Pro318AlafsTer18	TP53	NP_001119585.1
chr17	7673577		PDAC010T	PASS	Pro318AlafsTer29	TP53	NP_001119586.1
chr17	7673577		PDAC010T	PASS	Pro186AlafsTer19	TP53	NP_001119587.1
chr17	7673577		PDAC010T	PASS	Pro186AlafsTer29	TP53	NP_001119588.1
chr17	7673577		PDAC010T	PASS	Pro186AlafsTer18	TP53	NP_001119589.1
chr17	7673577		PDAC010T	PASS	Pro279AlafsTer19	TP53	NP_001119590.1
chr17	7673577		PDAC010T	PASS	Pro279AlafsTer18	TP53	NP_001263624.1
chr17	7673577		PDAC010T	PASS	Pro279AlafsTer29	TP53	NP_001263625.1
chr17	7673577		PDAC010T	PASS	Pro159AlafsTer19	TP53	NP_001263626.1
chr17	7673577		PDAC010T	PASS	Pro159AlafsTer29	TP53	NP_001263627.1
chr17	7673577		PDAC010T	PASS	Pro159AlafsTer18	TP53	NP_001263628.1
chr17	7673577		PDAC010T	PASS	Pro279AlafsTer19	TP53	NP_001263689.1
chr17	7673577		PDAC010T	PASS	Pro279AlafsTer19	TP53	NP_001263690.1
chr17	7673577		PDAC010T	PASS	.	TP53	.
chr12	25245350	rs121913529	PDAC011T	PASS	Gly12Asp	KRAS	NP_001356715.1
chr12	25245350	rs121913529	PDAC011T	PASS	Gly12Asp	KRAS	NP_001356716.1
chr12	25245350	rs121913529	PDAC011T	PASS	Gly12Asp	KRAS	NP_004976.2
chr12	25245350	rs121913529	PDAC011T	PASS	Gly12Asp	KRAS	NP_203524.1
chr12	25227343	rs121913238	PDAC012T	PASS	Gln61Lys	KRAS	NP_001356715.1
chr12	25227343	rs121913238	PDAC012T	PASS	Gln61Lys	KRAS	NP_001356716.1
chr12	25227343	rs121913238	PDAC012T	PASS	Gln61Lys	KRAS	NP_004976.2
chr12	25227343	rs121913238	PDAC012T	PASS	Gln61Lys	KRAS	NP_203524.1
chr12	25227344		PDAC012T	PASS	Gly60=	KRAS	NP_001356715.1
chr12	25227344		PDAC012T	PASS	Gly60=	KRAS	NP_001356716.1
chr12	25227344		PDAC012T	PASS	Gly60=	KRAS	NP_004976.2
chr12	25227344		PDAC012T	PASS	Gly60=	KRAS	NP_203524.1
chr17	7675088	rs28934578	PDAC012T	PASS	Arg175His	TP53	NP_000537.3
chr17	7675088	rs28934578	PDAC012T	PASS	Arg175His	TP53	NP_001119584.1
chr17	7675088	rs28934578	PDAC012T	PASS	Arg175His	TP53	NP_001119585.1
chr17	7675088	rs28934578	PDAC012T	PASS	Arg175His	TP53	NP_001119586.1
chr17	7675088	rs28934578	PDAC012T	PASS	Arg43His	TP53	NP_001119587.1
chr17	7675088	rs28934578	PDAC012T	PASS	Arg43His	TP53	NP_001119588.1
chr17	7675088	rs28934578	PDAC012T	PASS	Arg43His	TP53	NP_001119589.1
chr17	7675088	rs28934578	PDAC012T	PASS	Arg136His	TP53	NP_001119590.1
chr17	7675088	rs28934578	PDAC012T	PASS	Arg136His	TP53	NP_001263624.1
chr17	7675088	rs28934578	PDAC012T	PASS	Arg136His	TP53	NP_001263625.1
chr17	7675088	rs28934578	PDAC012T	PASS	Arg16His	TP53	NP_001263626.1
chr17	7675088	rs28934578	PDAC012T	PASS	Arg16His	TP53	NP_001263627.1
chr17	7675088	rs28934578	PDAC012T	PASS	Arg16His	TP53	NP_001263628.1
chr17	7675088	rs28934578	PDAC012T	PASS	Arg136His	TP53	NP_001263689.1
chr17	7675088	rs28934578	PDAC012T	PASS	Arg136His	TP53	NP_001263690.1
chr12	25245350	rs121913529	PDAC013T	PASS	Gly12Asp	KRAS	NP_001356715.1
chr12	25245350	rs121913529	PDAC013T	PASS	Gly12Asp	KRAS	NP_001356716.1
chr12	25245350	rs121913529	PDAC013T	PASS	Gly12Asp	KRAS	NP_004976.2
chr12	25245350	rs121913529	PDAC013T	PASS	Gly12Asp	KRAS	NP_203524.1
chr17	7674202		PDAC013T	PASS	Ile254Thr	TP53	NP_000537.3
chr17	7674202		PDAC013T	PASS	Ile254Thr	TP53	NP_001119584.1
chr17	7674202		PDAC013T	PASS	Ile254Thr	TP53	NP_001119585.1
chr17	7674202		PDAC013T	PASS	Ile254Thr	TP53	NP_001119586.1
chr17	7674202		PDAC013T	PASS	Ile122Thr	TP53	NP_001119587.1
chr17	7674202		PDAC013T	PASS	Ile122Thr	TP53	NP_001119588.1
chr17	7674202		PDAC013T	PASS	Ile122Thr	TP53	NP_001119589.1
chr17	7674202		PDAC013T	PASS	Ile215Thr	TP53	NP_001119590.1
chr17	7674202		PDAC013T	PASS	Ile215Thr	TP53	NP_001263624.1
chr17	7674202		PDAC013T	PASS	Ile215Thr	TP53	NP_001263625.1
chr17	7674202		PDAC013T	PASS	Ile95Thr	TP53	NP_001263626.1
chr17	7674202		PDAC013T	PASS	Ile95Thr	TP53	NP_001263627.1
chr17	7674202		PDAC013T	PASS	Ile95Thr	TP53	NP_001263628.1
chr17	7674202		PDAC013T	PASS	Ile215Thr	TP53	NP_001263689.1
chr17	7674202		PDAC013T	PASS	Ile215Thr	TP53	NP_001263690.1
chr12	25245350	rs121913529	PDAC014T	PASS	Gly12Val	KRAS	NP_001356715.1
chr12	25245350	rs121913529	PDAC014T	PASS	Gly12Val	KRAS	NP_001356716.1
chr12	25245350	rs121913529	PDAC014T	PASS	Gly12Val	KRAS	NP_004976.2
chr12	25245350	rs121913529	PDAC014T	PASS	Gly12Val	KRAS	NP_203524.1
chr17	7673764	rs786201059	PDAC014T	PASS	Glu286Lys	TP53	NP_000537.3
chr17	7673764	rs786201059	PDAC014T	PASS	Glu286Lys	TP53	NP_001119584.1
chr17	7673764	rs786201059	PDAC014T	PASS	Glu286Lys	TP53	NP_001119585.1
chr17	7673764	rs786201059	PDAC014T	PASS	Glu286Lys	TP53	NP_001119586.1
chr17	7673764	rs786201059	PDAC014T	PASS	Glu154Lys	TP53	NP_001119587.1
chr17	7673764	rs786201059	PDAC014T	PASS	Glu154Lys	TP53	NP_001119588.1
chr17	7673764	rs786201059	PDAC014T	PASS	Glu154Lys	TP53	NP_001119589.1
chr17	7673764	rs786201059	PDAC014T	PASS	Glu247Lys	TP53	NP_001119590.1
chr17	7673764	rs786201059	PDAC014T	PASS	Glu247Lys	TP53	NP_001263624.1
chr17	7673764	rs786201059	PDAC014T	PASS	Glu247Lys	TP53	NP_001263625.1
chr17	7673764	rs786201059	PDAC014T	PASS	Glu127Lys	TP53	NP_001263626.1
chr17	7673764	rs786201059	PDAC014T	PASS	Glu127Lys	TP53	NP_001263627.1
chr17	7673764	rs786201059	PDAC014T	PASS	Glu127Lys	TP53	NP_001263628.1
chr17	7673764	rs786201059	PDAC014T	PASS	Glu247Lys	TP53	NP_001263689.1
chr17	7673764	rs786201059	PDAC014T	PASS	Glu247Lys	TP53	NP_001263690.1
chr17	7673764	rs786201059	PDAC014T	PASS	.	TP53	.
chr12	25245350	rs121913529	PDAC015T	PASS	Gly12Asp	KRAS	NP_001356715.1
chr12	25245350	rs121913529	PDAC015T	PASS	Gly12Asp	KRAS	NP_001356716.1
chr12	25245350	rs121913529	PDAC015T	PASS	Gly12Asp	KRAS	NP_004976.2
chr12	25245350	rs121913529	PDAC015T	PASS	Gly12Asp	KRAS	NP_203524.1
chr17	7675061		PDAC015T	PASS	Arg181Ter	TP53	NP_000537.3
chr17	7675061		PDAC015T	PASS	Arg181Ter	TP53	NP_001119584.1
chr17	7675061		PDAC015T	PASS	Arg181Ter	TP53	NP_001119585.1
chr17	7675061		PDAC015T	PASS	Arg181Ter	TP53	NP_001119586.1
chr17	7675061		PDAC015T	PASS	Arg49Ter	TP53	NP_001119587.1
chr17	7675061		PDAC015T	PASS	Arg49Ter	TP53	NP_001119588.1
chr17	7675061		PDAC015T	PASS	Arg49Ter	TP53	NP_001119589.1
chr17	7675061		PDAC015T	PASS	Arg142Ter	TP53	NP_001119590.1
chr17	7675061		PDAC015T	PASS	Arg142Ter	TP53	NP_001263624.1
chr17	7675061		PDAC015T	PASS	Arg142Ter	TP53	NP_001263625.1
chr17	7675061		PDAC015T	PASS	Arg22Ter	TP53	NP_001263626.1
chr17	7675061		PDAC015T	PASS	Arg22Ter	TP53	NP_001263627.1
chr17	7675061		PDAC015T	PASS	Arg22Ter	TP53	NP_001263628.1
chr17	7675061		PDAC015T	PASS	Arg142Ter	TP53	NP_001263689.1
chr17	7675061		PDAC015T	PASS	Arg142Ter	TP53	NP_001263690.1
chr18	51078352		PDAC015T	PASS	Arg515Ile	SMAD4	NP_005350.1
chr12	25245351	rs121913530	PDAC016T	PASS	Gly12Arg	KRAS	NP_001356715.1
chr12	25245351	rs121913530	PDAC016T	PASS	Gly12Arg	KRAS	NP_001356716.1
chr12	25245351	rs121913530	PDAC016T	PASS	Gly12Arg	KRAS	NP_004976.2
chr12	25245351	rs121913530	PDAC016T	PASS	Gly12Arg	KRAS	NP_203524.1
chr17	7675085		PDAC016T	PASS	Cys176Phe	TP53	NP_000537.3
chr17	7675085		PDAC016T	PASS	Cys176Phe	TP53	NP_001119584.1
chr17	7675085		PDAC016T	PASS	Cys176Phe	TP53	NP_001119585.1
chr17	7675085		PDAC016T	PASS	Cys176Phe	TP53	NP_001119586.1
chr17	7675085		PDAC016T	PASS	Cys44Phe	TP53	NP_001119587.1
chr17	7675085		PDAC016T	PASS	Cys44Phe	TP53	NP_001119588.1
chr17	7675085		PDAC016T	PASS	Cys44Phe	TP53	NP_001119589.1
chr17	7675085		PDAC016T	PASS	Cys137Phe	TP53	NP_001119590.1
chr17	7675085		PDAC016T	PASS	Cys137Phe	TP53	NP_001263624.1
chr17	7675085		PDAC016T	PASS	Cys137Phe	TP53	NP_001263625.1
chr17	7675085		PDAC016T	PASS	Cys17Phe	TP53	NP_001263626.1
chr17	7675085		PDAC016T	PASS	Cys17Phe	TP53	NP_001263627.1
chr17	7675085		PDAC016T	PASS	Cys17Phe	TP53	NP_001263628.1
chr17	7675085		PDAC016T	PASS	Cys137Phe	TP53	NP_001263689.1
chr17	7675085		PDAC016T	PASS	Cys137Phe	TP53	NP_001263690.1
chr12	25245350	rs121913529	PDAC017T	PASS	Gly12Val	KRAS	NP_001356715.1
chr12	25245350	rs121913529	PDAC017T	PASS	Gly12Val	KRAS	NP_001356716.1
chr12	25245350	rs121913529	PDAC017T	PASS	Gly12Val	KRAS	NP_004976.2
chr12	25245350	rs121913529	PDAC017T	PASS	Gly12Val	KRAS	NP_203524.1
chr18	51047153		PDAC017T	PASS	Arg38GlufsTer7	SMAD4	NP_005350.1
chr12	25245350	rs121913529	PDAC018T	PASS	Gly12Asp	KRAS	NP_001356715.1
chr12	25245350	rs121913529	PDAC018T	PASS	Gly12Asp	KRAS	NP_001356716.1
chr12	25245350	rs121913529	PDAC018T	PASS	Gly12Asp	KRAS	NP_004976.2
chr12	25245350	rs121913529	PDAC018T	PASS	Gly12Asp	KRAS	NP_203524.1
chr17	7674858		PDAC018T	PASS	.	TP53	.
chr12	25245350	rs121913529	PDAC019T	PASS	Gly12Val	KRAS	NP_001356715.1
chr12	25245350	rs121913529	PDAC019T	PASS	Gly12Val	KRAS	NP_001356716.1
chr12	25245350	rs121913529	PDAC019T	PASS	Gly12Val	KRAS	NP_004976.2
chr12	25245350	rs121913529	PDAC019T	PASS	Gly12Val	KRAS	NP_203524.1
chr12	25245350	rs121913529	PDAC020T	PASS	Gly12Asp	KRAS	NP_001356715.1
chr12	25245350	rs121913529	PDAC020T	PASS	Gly12Asp	KRAS	NP_001356716.1
chr12	25245350	rs121913529	PDAC020T	PASS	Gly12Asp	KRAS	NP_004976.2
chr12	25245350	rs121913529	PDAC020T	PASS	Gly12Asp	KRAS	NP_203524.1
chr17	7675156	rs730882019	PDAC020T	PASS	Pro153AlafsTer28	TP53	NP_000537.3
chr17	7675156	rs730882019	PDAC020T	PASS	Pro153AlafsTer28	TP53	NP_001119584.1
chr17	7675156	rs730882019	PDAC020T	PASS	Pro153AlafsTer28	TP53	NP_001119585.1
chr17	7675156	rs730882019	PDAC020T	PASS	Pro153AlafsTer28	TP53	NP_001119586.1
chr17	7675156	rs730882019	PDAC020T	PASS	Pro21AlafsTer28	TP53	NP_001119587.1
chr17	7675156	rs730882019	PDAC020T	PASS	Pro21AlafsTer28	TP53	NP_001119588.1
chr17	7675156	rs730882019	PDAC020T	PASS	Pro21AlafsTer28	TP53	NP_001119589.1
chr17	7675156	rs730882019	PDAC020T	PASS	Pro114AlafsTer28	TP53	NP_001119590.1
chr17	7675156	rs730882019	PDAC020T	PASS	Pro114AlafsTer28	TP53	NP_001263624.1
chr17	7675156	rs730882019	PDAC020T	PASS	Pro114AlafsTer28	TP53	NP_001263625.1
chr17	7675156	rs730882019	PDAC020T	PASS	.	TP53	.
chr17	7675156	rs730882019	PDAC020T	PASS	Pro114AlafsTer28	TP53	NP_001263689.1
chr17	7675156	rs730882019	PDAC020T	PASS	Pro114AlafsTer28	TP53	NP_001263690.1
chr18	51078366		PDAC020T	PASS	Thr521HisfsTer16	SMAD4	NP_005350.1
chr12	25245350	rs121913529	PDAC021T	PASS	Gly12Val	KRAS	NP_001356715.1
chr12	25245350	rs121913529	PDAC021T	PASS	Gly12Val	KRAS	NP_001356716.1
chr12	25245350	rs121913529	PDAC021T	PASS	Gly12Val	KRAS	NP_004976.2
chr12	25245350	rs121913529	PDAC021T	PASS	Gly12Val	KRAS	NP_203524.1
chr17	7674220	rs11540652	PDAC021T	PASS	Arg248Gln	TP53	NP_000537.3
chr17	7674220	rs11540652	PDAC021T	PASS	Arg248Gln	TP53	NP_001119584.1
chr17	7674220	rs11540652	PDAC021T	PASS	Arg248Gln	TP53	NP_001119585.1
chr17	7674220	rs11540652	PDAC021T	PASS	Arg248Gln	TP53	NP_001119586.1
chr17	7674220	rs11540652	PDAC021T	PASS	Arg116Gln	TP53	NP_001119587.1
chr17	7674220	rs11540652	PDAC021T	PASS	Arg116Gln	TP53	NP_001119588.1
chr17	7674220	rs11540652	PDAC021T	PASS	Arg116Gln	TP53	NP_001119589.1
chr17	7674220	rs11540652	PDAC021T	PASS	Arg209Gln	TP53	NP_001119590.1
chr17	7674220	rs11540652	PDAC021T	PASS	Arg209Gln	TP53	NP_001263624.1
chr17	7674220	rs11540652	PDAC021T	PASS	Arg209Gln	TP53	NP_001263625.1
chr17	7674220	rs11540652	PDAC021T	PASS	Arg89Gln	TP53	NP_001263626.1
chr17	7674220	rs11540652	PDAC021T	PASS	Arg89Gln	TP53	NP_001263627.1
chr17	7674220	rs11540652	PDAC021T	PASS	Arg89Gln	TP53	NP_001263628.1
chr17	7674220	rs11540652	PDAC021T	PASS	Arg209Gln	TP53	NP_001263689.1
chr17	7674220	rs11540652	PDAC021T	PASS	Arg209Gln	TP53	NP_001263690.1
chr12	25245351	rs121913530	PDAC022T	PASS	Gly12Arg	KRAS	NP_001356715.1
chr12	25245351	rs121913530	PDAC022T	PASS	Gly12Arg	KRAS	NP_001356716.1
chr12	25245351	rs121913530	PDAC022T	PASS	Gly12Arg	KRAS	NP_004976.2
chr12	25245351	rs121913530	PDAC022T	PASS	Gly12Arg	KRAS	NP_203524.1
chr17	7676089		PDAC022T	PASS	Ala86ValfsTer55	TP53	NP_000537.3
chr17	7676089		PDAC022T	PASS	Ala86ValfsTer55	TP53	NP_001119584.1
chr17	7676089		PDAC022T	PASS	Ala86ValfsTer55	TP53	NP_001119585.1
chr17	7676089		PDAC022T	PASS	Ala86ValfsTer55	TP53	NP_001119586.1
chr17	7676089		PDAC022T	PASS	.	TP53	.
chr17	7676089		PDAC022T	PASS	Ala47ValfsTer55	TP53	NP_001119590.1
chr17	7676089		PDAC022T	PASS	Ala47ValfsTer55	TP53	NP_001263624.1
chr17	7676089		PDAC022T	PASS	Ala47ValfsTer55	TP53	NP_001263625.1
chr17	7676089		PDAC022T	PASS	Ala47ValfsTer55	TP53	NP_001263689.1
chr17	7676089		PDAC022T	PASS	Ala47ValfsTer55	TP53	NP_001263690.1
chr12	25245351	rs121913530	PDAC023T	PASS	Gly12Cys	KRAS	NP_001356715.1
chr12	25245351	rs121913530	PDAC023T	PASS	Gly12Cys	KRAS	NP_001356716.1
chr12	25245351	rs121913530	PDAC023T	PASS	Gly12Cys	KRAS	NP_004976.2
chr12	25245351	rs121913530	PDAC023T	PASS	Gly12Cys	KRAS	NP_203524.1
chr17	7675212		PDAC023T	PASS	Phe134Val	TP53	NP_000537.3
chr17	7675212		PDAC023T	PASS	Phe134Val	TP53	NP_001119584.1
chr17	7675212		PDAC023T	PASS	Phe134Val	TP53	NP_001119585.1
chr17	7675212		PDAC023T	PASS	Phe134Val	TP53	NP_001119586.1
chr17	7675212		PDAC023T	PASS	Phe2Val	TP53	NP_001119587.1
chr17	7675212		PDAC023T	PASS	Phe2Val	TP53	NP_001119588.1
chr17	7675212		PDAC023T	PASS	Phe2Val	TP53	NP_001119589.1
chr17	7675212		PDAC023T	PASS	Phe95Val	TP53	NP_001119590.1
chr17	7675212		PDAC023T	PASS	Phe95Val	TP53	NP_001263624.1
chr17	7675212		PDAC023T	PASS	Phe95Val	TP53	NP_001263625.1
chr17	7675212		PDAC023T	PASS	.	TP53	.
chr17	7675212		PDAC023T	PASS	Phe95Val	TP53	NP_001263689.1
chr17	7675212		PDAC023T	PASS	Phe95Val	TP53	NP_001263690.1
chr12	25245350	rs121913529	PDAC024T	PASS	Gly12Asp	KRAS	NP_001356715.1
chr12	25245350	rs121913529	PDAC024T	PASS	Gly12Asp	KRAS	NP_001356716.1
chr12	25245350	rs121913529	PDAC024T	PASS	Gly12Asp	KRAS	NP_004976.2
chr12	25245350	rs121913529	PDAC024T	PASS	Gly12Asp	KRAS	NP_203524.1
chr17	7673802	rs28934576	PDAC024T	PASS	Arg273Leu	TP53	NP_000537.3
chr17	7673802	rs28934576	PDAC024T	PASS	Arg273Leu	TP53	NP_001119584.1
chr17	7673802	rs28934576	PDAC024T	PASS	Arg273Leu	TP53	NP_001119585.1
chr17	7673802	rs28934576	PDAC024T	PASS	Arg273Leu	TP53	NP_001119586.1
chr17	7673802	rs28934576	PDAC024T	PASS	Arg141Leu	TP53	NP_001119587.1
chr17	7673802	rs28934576	PDAC024T	PASS	Arg141Leu	TP53	NP_001119588.1
chr17	7673802	rs28934576	PDAC024T	PASS	Arg141Leu	TP53	NP_001119589.1
chr17	7673802	rs28934576	PDAC024T	PASS	Arg234Leu	TP53	NP_001119590.1
chr17	7673802	rs28934576	PDAC024T	PASS	Arg234Leu	TP53	NP_001263624.1
chr17	7673802	rs28934576	PDAC024T	PASS	Arg234Leu	TP53	NP_001263625.1
chr17	7673802	rs28934576	PDAC024T	PASS	Arg114Leu	TP53	NP_001263626.1
chr17	7673802	rs28934576	PDAC024T	PASS	Arg114Leu	TP53	NP_001263627.1
chr17	7673802	rs28934576	PDAC024T	PASS	Arg114Leu	TP53	NP_001263628.1
chr17	7673802	rs28934576	PDAC024T	PASS	Arg234Leu	TP53	NP_001263689.1
chr17	7673802	rs28934576	PDAC024T	PASS	Arg234Leu	TP53	NP_001263690.1
chr18	51048789		PDAC024T	PASS	Ala118Val	SMAD4	NP_005350.1
chr12	25245350	rs121913529	PDAC025T	PASS	Gly12Asp	KRAS	NP_001356715.1
chr12	25245350	rs121913529	PDAC025T	PASS	Gly12Asp	KRAS	NP_001356716.1
chr12	25245350	rs121913529	PDAC025T	PASS	Gly12Asp	KRAS	NP_004976.2
chr12	25245350	rs121913529	PDAC025T	PASS	Gly12Asp	KRAS	NP_203524.1
chr17	7675088	rs28934578	PDAC025T	PASS	Arg175His	TP53	NP_000537.3
chr17	7675088	rs28934578	PDAC025T	PASS	Arg175His	TP53	NP_001119584.1
chr17	7675088	rs28934578	PDAC025T	PASS	Arg175His	TP53	NP_001119585.1
chr17	7675088	rs28934578	PDAC025T	PASS	Arg175His	TP53	NP_001119586.1
chr17	7675088	rs28934578	PDAC025T	PASS	Arg43His	TP53	NP_001119587.1
chr17	7675088	rs28934578	PDAC025T	PASS	Arg43His	TP53	NP_001119588.1
chr17	7675088	rs28934578	PDAC025T	PASS	Arg43His	TP53	NP_001119589.1
chr17	7675088	rs28934578	PDAC025T	PASS	Arg136His	TP53	NP_001119590.1
chr17	7675088	rs28934578	PDAC025T	PASS	Arg136His	TP53	NP_001263624.1
chr17	7675088	rs28934578	PDAC025T	PASS	Arg136His	TP53	NP_001263625.1
chr17	7675088	rs28934578	PDAC025T	PASS	Arg16His	TP53	NP_001263626.1
chr17	7675088	rs28934578	PDAC025T	PASS	Arg16His	TP53	NP_001263627.1
chr17	7675088	rs28934578	PDAC025T	PASS	Arg16His	TP53	NP_001263628.1
chr17	7675088	rs28934578	PDAC025T	PASS	Arg136His	TP53	NP_001263689.1
chr17	7675088	rs28934578	PDAC025T	PASS	Arg136His	TP53	NP_001263690.1
chr18	51076662	rs377767360	PDAC025T	PASS	Arg445Ter	SMAD4	NP_005350.1
chr18	51076662	rs377767360	PDAC025T	PASS	.	SMAD4	.
chr12	25245351	rs121913530	PDAC026T	PASS	Gly12Arg	KRAS	NP_001356715.1
chr12	25245351	rs121913530	PDAC026T	PASS	Gly12Arg	KRAS	NP_001356716.1
chr12	25245351	rs121913530	PDAC026T	PASS	Gly12Arg	KRAS	NP_004976.2
chr12	25245351	rs121913530	PDAC026T	PASS	Gly12Arg	KRAS	NP_203524.1
chr17	7675088	rs28934578	PDAC026T	PASS	Arg175His	TP53	NP_000537.3
chr17	7675088	rs28934578	PDAC026T	PASS	Arg175His	TP53	NP_001119584.1
chr17	7675088	rs28934578	PDAC026T	PASS	Arg175His	TP53	NP_001119585.1
chr17	7675088	rs28934578	PDAC026T	PASS	Arg175His	TP53	NP_001119586.1
chr17	7675088	rs28934578	PDAC026T	PASS	Arg43His	TP53	NP_001119587.1
chr17	7675088	rs28934578	PDAC026T	PASS	Arg43His	TP53	NP_001119588.1
chr17	7675088	rs28934578	PDAC026T	PASS	Arg43His	TP53	NP_001119589.1
chr17	7675088	rs28934578	PDAC026T	PASS	Arg136His	TP53	NP_001119590.1
chr17	7675088	rs28934578	PDAC026T	PASS	Arg136His	TP53	NP_001263624.1
chr17	7675088	rs28934578	PDAC026T	PASS	Arg136His	TP53	NP_001263625.1
chr17	7675088	rs28934578	PDAC026T	PASS	Arg16His	TP53	NP_001263626.1
chr17	7675088	rs28934578	PDAC026T	PASS	Arg16His	TP53	NP_001263627.1
chr17	7675088	rs28934578	PDAC026T	PASS	Arg16His	TP53	NP_001263628.1
chr17	7675088	rs28934578	PDAC026T	PASS	Arg136His	TP53	NP_001263689.1
chr17	7675088	rs28934578	PDAC026T	PASS	Arg136His	TP53	NP_001263690.1
chr12	25245350	rs121913529	PDAC027T	PASS	Gly12Val	KRAS	NP_001356715.1
chr12	25245350	rs121913529	PDAC027T	PASS	Gly12Val	KRAS	NP_001356716.1
chr12	25245350	rs121913529	PDAC027T	PASS	Gly12Val	KRAS	NP_004976.2
chr12	25245350	rs121913529	PDAC027T	PASS	Gly12Val	KRAS	NP_203524.1
chr17	7674230	rs28934575	PDAC027T	PASS	Gly245Ser	TP53	NP_000537.3
chr17	7674230	rs28934575	PDAC027T	PASS	Gly245Ser	TP53	NP_001119584.1
chr17	7674230	rs28934575	PDAC027T	PASS	Gly245Ser	TP53	NP_001119585.1
chr17	7674230	rs28934575	PDAC027T	PASS	Gly245Ser	TP53	NP_001119586.1
chr17	7674230	rs28934575	PDAC027T	PASS	Gly113Ser	TP53	NP_001119587.1
chr17	7674230	rs28934575	PDAC027T	PASS	Gly113Ser	TP53	NP_001119588.1
chr17	7674230	rs28934575	PDAC027T	PASS	Gly113Ser	TP53	NP_001119589.1
chr17	7674230	rs28934575	PDAC027T	PASS	Gly206Ser	TP53	NP_001119590.1
chr17	7674230	rs28934575	PDAC027T	PASS	Gly206Ser	TP53	NP_001263624.1
chr17	7674230	rs28934575	PDAC027T	PASS	Gly206Ser	TP53	NP_001263625.1
chr17	7674230	rs28934575	PDAC027T	PASS	Gly86Ser	TP53	NP_001263626.1
chr17	7674230	rs28934575	PDAC027T	PASS	Gly86Ser	TP53	NP_001263627.1
chr17	7674230	rs28934575	PDAC027T	PASS	Gly86Ser	TP53	NP_001263628.1
chr17	7674230	rs28934575	PDAC027T	PASS	Gly206Ser	TP53	NP_001263689.1
chr17	7674230	rs28934575	PDAC027T	PASS	Gly206Ser	TP53	NP_001263690.1
chr12	25245350	rs121913529	PDAC028T	PASS	Gly12Val	KRAS	NP_001356715.1
chr12	25245350	rs121913529	PDAC028T	PASS	Gly12Val	KRAS	NP_001356716.1
chr12	25245350	rs121913529	PDAC028T	PASS	Gly12Val	KRAS	NP_004976.2
chr12	25245350	rs121913529	PDAC028T	PASS	Gly12Val	KRAS	NP_203524.1
chr17	7674189		PDAC028T	PASS	Leu257ArgfsTer5	TP53	NP_000537.3
chr17	7674189		PDAC028T	PASS	Leu257ArgfsTer5	TP53	NP_001119584.1
chr17	7674189		PDAC028T	PASS	Leu257ArgfsTer5	TP53	NP_001119585.1
chr17	7674189		PDAC028T	PASS	Leu257ArgfsTer5	TP53	NP_001119586.1
chr17	7674189		PDAC028T	PASS	Leu125ArgfsTer5	TP53	NP_001119587.1
chr17	7674189		PDAC028T	PASS	Leu125ArgfsTer5	TP53	NP_001119588.1
chr17	7674189		PDAC028T	PASS	Leu125ArgfsTer5	TP53	NP_001119589.1
chr17	7674189		PDAC028T	PASS	Leu218ArgfsTer5	TP53	NP_001119590.1
chr17	7674189		PDAC028T	PASS	Leu218ArgfsTer5	TP53	NP_001263624.1
chr17	7674189		PDAC028T	PASS	Leu218ArgfsTer5	TP53	NP_001263625.1
chr17	7674189		PDAC028T	PASS	Leu98ArgfsTer5	TP53	NP_001263626.1
chr17	7674189		PDAC028T	PASS	Leu98ArgfsTer5	TP53	NP_001263627.1
chr17	7674189		PDAC028T	PASS	Leu98ArgfsTer5	TP53	NP_001263628.1
chr17	7674189		PDAC028T	PASS	Leu218ArgfsTer5	TP53	NP_001263689.1
chr17	7674189		PDAC028T	PASS	Leu218ArgfsTer5	TP53	NP_001263690.1
chr12	25245350	rs121913529	PDAC029T	PASS	Gly12Asp	KRAS	NP_001356715.1
chr12	25245350	rs121913529	PDAC029T	PASS	Gly12Asp	KRAS	NP_001356716.1
chr12	25245350	rs121913529	PDAC029T	PASS	Gly12Asp	KRAS	NP_004976.2
chr12	25245350	rs121913529	PDAC029T	PASS	Gly12Asp	KRAS	NP_203524.1
chr12	25245350	rs121913529	PDAC030T	PASS	Gly12Val	KRAS	NP_001356715.1
chr12	25245350	rs121913529	PDAC030T	PASS	Gly12Val	KRAS	NP_001356716.1
chr12	25245350	rs121913529	PDAC030T	PASS	Gly12Val	KRAS	NP_004976.2
chr12	25245350	rs121913529	PDAC030T	PASS	Gly12Val	KRAS	NP_203524.1
chr18	51065549	rs377767347	PDAC030T	PASS	Arg361His	SMAD4	NP_005350.1
chr12	25245350	rs121913529	PDAC031T	PASS	Gly12Asp	KRAS	NP_001356715.1
chr12	25245350	rs121913529	PDAC031T	PASS	Gly12Asp	KRAS	NP_001356716.1
chr12	25245350	rs121913529	PDAC031T	PASS	Gly12Asp	KRAS	NP_004976.2
chr12	25245350	rs121913529	PDAC031T	PASS	Gly12Asp	KRAS	NP_203524.1
chr17	7675075		PDAC031T	PASS	His179Gln	TP53	NP_000537.3
chr17	7675075		PDAC031T	PASS	His179Gln	TP53	NP_001119584.1
chr17	7675075		PDAC031T	PASS	His179Gln	TP53	NP_001119585.1
chr17	7675075		PDAC031T	PASS	His179Gln	TP53	NP_001119586.1
chr17	7675075		PDAC031T	PASS	His47Gln	TP53	NP_001119587.1
chr17	7675075		PDAC031T	PASS	His47Gln	TP53	NP_001119588.1
chr17	7675075		PDAC031T	PASS	His47Gln	TP53	NP_001119589.1
chr17	7675075		PDAC031T	PASS	His140Gln	TP53	NP_001119590.1
chr17	7675075		PDAC031T	PASS	His140Gln	TP53	NP_001263624.1
chr17	7675075		PDAC031T	PASS	His140Gln	TP53	NP_001263625.1
chr17	7675075		PDAC031T	PASS	His20Gln	TP53	NP_001263626.1
chr17	7675075		PDAC031T	PASS	His20Gln	TP53	NP_001263627.1
chr17	7675075		PDAC031T	PASS	His20Gln	TP53	NP_001263628.1
chr17	7675075		PDAC031T	PASS	His140Gln	TP53	NP_001263689.1
chr17	7675075		PDAC031T	PASS	His140Gln	TP53	NP_001263690.1
chr18	51065456	rs281875324	PDAC031T	PASS	Glu330Gly	SMAD4	NP_005350.1
chr17	43082417		PDAC033T	PASS	Ser1448Arg	BRCA1	NP_009225.1
chr17	43082417		PDAC033T	PASS	Ser1401Arg	BRCA1	NP_009228.2
chr17	43082417		PDAC033T	PASS	Ser345Arg	BRCA1	NP_009229.2
chr17	43082417		PDAC033T	PASS	Ser345Arg	BRCA1	NP_009230.2
chr17	43082417		PDAC033T	PASS	Ser1448Arg	BRCA1	NP_009231.2
chr17	43082417		PDAC033T	PASS	.	BRCA1	.
chr18	51076674	rs587781359	PDAC033T	PASS	Gln449Ter	SMAD4	NP_005350.1
chr18	51076674	rs587781359	PDAC033T	PASS	.	SMAD4	.
chr12	25209194		PDAC034T	PASS	.	KRAS	.
chr12	25245350	rs121913529	PDAC034T	PASS	Gly12Asp	KRAS	NP_001356715.1
chr12	25245350	rs121913529	PDAC034T	PASS	Gly12Asp	KRAS	NP_001356716.1
chr12	25245350	rs121913529	PDAC034T	PASS	Gly12Asp	KRAS	NP_004976.2
chr12	25245350	rs121913529	PDAC034T	PASS	Gly12Asp	KRAS	NP_203524.1
chr17	7675088	rs28934578	PDAC034T	PASS	Arg175His	TP53	NP_000537.3
chr17	7675088	rs28934578	PDAC034T	PASS	Arg175His	TP53	NP_001119584.1
chr17	7675088	rs28934578	PDAC034T	PASS	Arg175His	TP53	NP_001119585.1
chr17	7675088	rs28934578	PDAC034T	PASS	Arg175His	TP53	NP_001119586.1
chr17	7675088	rs28934578	PDAC034T	PASS	Arg43His	TP53	NP_001119587.1
chr17	7675088	rs28934578	PDAC034T	PASS	Arg43His	TP53	NP_001119588.1
chr17	7675088	rs28934578	PDAC034T	PASS	Arg43His	TP53	NP_001119589.1
chr17	7675088	rs28934578	PDAC034T	PASS	Arg136His	TP53	NP_001119590.1
chr17	7675088	rs28934578	PDAC034T	PASS	Arg136His	TP53	NP_001263624.1
chr17	7675088	rs28934578	PDAC034T	PASS	Arg136His	TP53	NP_001263625.1
chr17	7675088	rs28934578	PDAC034T	PASS	Arg16His	TP53	NP_001263626.1
chr17	7675088	rs28934578	PDAC034T	PASS	Arg16His	TP53	NP_001263627.1
chr17	7675088	rs28934578	PDAC034T	PASS	Arg16His	TP53	NP_001263628.1
chr17	7675088	rs28934578	PDAC034T	PASS	Arg136His	TP53	NP_001263689.1
chr17	7675088	rs28934578	PDAC034T	PASS	Arg136His	TP53	NP_001263690.1
chr12	25245350	rs121913529	PDAC035T	PASS	Gly12Asp	KRAS	NP_001356715.1
chr12	25245350	rs121913529	PDAC035T	PASS	Gly12Asp	KRAS	NP_001356716.1
chr12	25245350	rs121913529	PDAC035T	PASS	Gly12Asp	KRAS	NP_004976.2
chr12	25245350	rs121913529	PDAC035T	PASS	Gly12Asp	KRAS	NP_203524.1
chr17	7673802	rs28934576	PDAC035T	PASS	Arg273His	TP53	NP_000537.3
chr17	7673802	rs28934576	PDAC035T	PASS	Arg273His	TP53	NP_001119584.1
chr17	7673802	rs28934576	PDAC035T	PASS	Arg273His	TP53	NP_001119585.1
chr17	7673802	rs28934576	PDAC035T	PASS	Arg273His	TP53	NP_001119586.1
chr17	7673802	rs28934576	PDAC035T	PASS	Arg141His	TP53	NP_001119587.1
chr17	7673802	rs28934576	PDAC035T	PASS	Arg141His	TP53	NP_001119588.1
chr17	7673802	rs28934576	PDAC035T	PASS	Arg141His	TP53	NP_001119589.1
chr17	7673802	rs28934576	PDAC035T	PASS	Arg234His	TP53	NP_001119590.1
chr17	7673802	rs28934576	PDAC035T	PASS	Arg234His	TP53	NP_001263624.1
chr17	7673802	rs28934576	PDAC035T	PASS	Arg234His	TP53	NP_001263625.1
chr17	7673802	rs28934576	PDAC035T	PASS	Arg114His	TP53	NP_001263626.1
chr17	7673802	rs28934576	PDAC035T	PASS	Arg114His	TP53	NP_001263627.1
chr17	7673802	rs28934576	PDAC035T	PASS	Arg114His	TP53	NP_001263628.1
chr17	7673802	rs28934576	PDAC035T	PASS	Arg234His	TP53	NP_001263689.1
chr17	7673802	rs28934576	PDAC035T	PASS	Arg234His	TP53	NP_001263690.1
chr17	43095853		PDAC035T	PASS	Leu218Ter	BRCA1	NP_009225.1
chr17	43095853		PDAC035T	PASS	Leu171Ter	BRCA1	NP_009228.2
chr17	43095853		PDAC035T	PASS	Leu218Ter	BRCA1	NP_009229.2
chr17	43095853		PDAC035T	PASS	Leu218Ter	BRCA1	NP_009230.2
chr17	43095853		PDAC035T	PASS	Leu218Ter	BRCA1	NP_009231.2
chr17	43095853		PDAC035T	PASS	.	BRCA1	.
chr18	51076668		PDAC035T	PASS	Ala460GlyfsTer43	SMAD4	NP_005350.1
chr18	51076668		PDAC035T	PASS	.	SMAD4	.
chr12	25206643	rs61764371	PDAC036T	PASS	.	KRAS	.
chr12	25245350	rs121913529	PDAC036T	PASS	Gly12Val	KRAS	NP_001356715.1
chr12	25245350	rs121913529	PDAC036T	PASS	Gly12Val	KRAS	NP_001356716.1
chr12	25245350	rs121913529	PDAC036T	PASS	Gly12Val	KRAS	NP_004976.2
chr12	25245350	rs121913529	PDAC036T	PASS	Gly12Val	KRAS	NP_203524.1
chr13	32316450	rs76874770	PDAC036T	PASS	.	BRCA2	.
chr13	32338445	rs56248502	PDAC036T	PASS	Ile1364Leu	BRCA2	NP_000050.2
chr17	7676059		PDAC036T	PASS	Gln104Ter	TP53	NP_000537.3
chr17	7676059		PDAC036T	PASS	Gln104Ter	TP53	NP_001119584.1
chr17	7676059		PDAC036T	PASS	Gln104Ter	TP53	NP_001119585.1
chr17	7676059		PDAC036T	PASS	Gln104Ter	TP53	NP_001119586.1
chr17	7676059		PDAC036T	PASS	.	TP53	.
chr17	7676059		PDAC036T	PASS	Gln65Ter	TP53	NP_001119590.1
chr17	7676059		PDAC036T	PASS	Gln65Ter	TP53	NP_001263624.1
chr17	7676059		PDAC036T	PASS	Gln65Ter	TP53	NP_001263625.1
chr17	7676059		PDAC036T	PASS	Gln65Ter	TP53	NP_001263689.1
chr17	7676059		PDAC036T	PASS	Gln65Ter	TP53	NP_001263690.1
chr18	51065392	rs11875522	PDAC036T	PASS	.	SMAD4	.
chr18	51065549	rs377767347	PDAC036T	PASS	Arg361His	SMAD4	NP_005350.1
chr12	25245351	rs121913530	PDAC037T	PASS	Gly12Arg	KRAS	NP_001356715.1
chr12	25245351	rs121913530	PDAC037T	PASS	Gly12Arg	KRAS	NP_001356716.1
chr12	25245351	rs121913530	PDAC037T	PASS	Gly12Arg	KRAS	NP_004976.2
chr12	25245351	rs121913530	PDAC037T	PASS	Gly12Arg	KRAS	NP_203524.1
chr18	51048830		PDAC037T	PASS	His132Tyr	SMAD4	NP_005350.1
chr12	25245350	rs121913529	PDAC038T	PASS	Gly12Val	KRAS	NP_001356715.1
chr12	25245350	rs121913529	PDAC038T	PASS	Gly12Val	KRAS	NP_001356716.1
chr12	25245350	rs121913529	PDAC038T	PASS	Gly12Val	KRAS	NP_004976.2
chr12	25245350	rs121913529	PDAC038T	PASS	Gly12Val	KRAS	NP_203524.1
chr17	43100004		PDAC038T	PASS	.	BRCA1	.
chr12	25227343	rs121913238	PDAC039T	PASS	Gln61Lys	KRAS	NP_001356715.1
chr12	25227343	rs121913238	PDAC039T	PASS	Gln61Lys	KRAS	NP_001356716.1
chr12	25227343	rs121913238	PDAC039T	PASS	Gln61Lys	KRAS	NP_004976.2
chr12	25227343	rs121913238	PDAC039T	PASS	Gln61Lys	KRAS	NP_203524.1
chr12	25227344		PDAC039T	PASS	Gly60=	KRAS	NP_001356715.1
chr12	25227344		PDAC039T	PASS	Gly60=	KRAS	NP_001356716.1
chr12	25227344		PDAC039T	PASS	Gly60=	KRAS	NP_004976.2
chr12	25227344		PDAC039T	PASS	Gly60=	KRAS	NP_203524.1
chr17	7675233		PDAC039T	PASS	Ser127Pro	TP53	NP_000537.3
chr17	7675233		PDAC039T	PASS	Ser127Pro	TP53	NP_001119584.1
chr17	7675233		PDAC039T	PASS	Ser127Pro	TP53	NP_001119585.1
chr17	7675233		PDAC039T	PASS	Ser127Pro	TP53	NP_001119586.1
chr17	7675233		PDAC039T	PASS	.	TP53	.
chr17	7675233		PDAC039T	PASS	Ser88Pro	TP53	NP_001119590.1
chr17	7675233		PDAC039T	PASS	Ser88Pro	TP53	NP_001263624.1
chr17	7675233		PDAC039T	PASS	Ser88Pro	TP53	NP_001263625.1
chr17	7675233		PDAC039T	PASS	Ser88Pro	TP53	NP_001263689.1
chr17	7675233		PDAC039T	PASS	Ser88Pro	TP53	NP_001263690.1
chr17	43100004		PDAC039T	PASS	.	BRCA1	.
chr12	25245350	rs121913529	PDAC041T	PASS	Gly12Val	KRAS	NP_001356715.1
chr12	25245350	rs121913529	PDAC041T	PASS	Gly12Val	KRAS	NP_001356716.1
chr12	25245350	rs121913529	PDAC041T	PASS	Gly12Val	KRAS	NP_004976.2
chr12	25245350	rs121913529	PDAC041T	PASS	Gly12Val	KRAS	NP_203524.1
chr13	32340202	rs80359543	PDAC041T	PASS	Ser1951TrpfsTer11	BRCA2	NP_000050.2
chr17	43093578		PDAC041T	PASS	Lys651=	BRCA1	NP_009225.1
chr17	43093578		PDAC041T	PASS	Lys604=	BRCA1	NP_009228.2
chr17	43093578		PDAC041T	PASS	.	BRCA1	.
chr17	43093578		PDAC041T	PASS	Lys651=	BRCA1	NP_009231.2
chr12	25245350	rs121913529	PDAC042T	PASS	Gly12Val	KRAS	NP_001356715.1
chr12	25245350	rs121913529	PDAC042T	PASS	Gly12Val	KRAS	NP_001356716.1
chr12	25245350	rs121913529	PDAC042T	PASS	Gly12Val	KRAS	NP_004976.2
chr12	25245350	rs121913529	PDAC042T	PASS	Gly12Val	KRAS	NP_203524.1
chr13	32336679		PDAC042T	PASS	Ser775Tyr	BRCA2	NP_000050.2
chr17	7673812		PDAC042T	PASS	Phe270Ile	TP53	NP_000537.3
chr17	7673812		PDAC042T	PASS	Phe270Ile	TP53	NP_001119584.1
chr17	7673812		PDAC042T	PASS	Phe270Ile	TP53	NP_001119585.1
chr17	7673812		PDAC042T	PASS	Phe270Ile	TP53	NP_001119586.1
chr17	7673812		PDAC042T	PASS	Phe138Ile	TP53	NP_001119587.1
chr17	7673812		PDAC042T	PASS	Phe138Ile	TP53	NP_001119588.1
chr17	7673812		PDAC042T	PASS	Phe138Ile	TP53	NP_001119589.1
chr17	7673812		PDAC042T	PASS	Phe231Ile	TP53	NP_001119590.1
chr17	7673812		PDAC042T	PASS	Phe231Ile	TP53	NP_001263624.1
chr17	7673812		PDAC042T	PASS	Phe231Ile	TP53	NP_001263625.1
chr17	7673812		PDAC042T	PASS	Phe111Ile	TP53	NP_001263626.1
chr17	7673812		PDAC042T	PASS	Phe111Ile	TP53	NP_001263627.1
chr17	7673812		PDAC042T	PASS	Phe111Ile	TP53	NP_001263628.1
chr17	7673812		PDAC042T	PASS	Phe231Ile	TP53	NP_001263689.1
chr17	7673812		PDAC042T	PASS	Phe231Ile	TP53	NP_001263690.1
chr12	25245351	rs121913530	PDAC043T	PASS	Gly12Arg	KRAS	NP_001356715.1
chr12	25245351	rs121913530	PDAC043T	PASS	Gly12Arg	KRAS	NP_001356716.1
chr12	25245351	rs121913530	PDAC043T	PASS	Gly12Arg	KRAS	NP_004976.2
chr12	25245351	rs121913530	PDAC043T	PASS	Gly12Arg	KRAS	NP_203524.1
chr12	25245350	rs121913529	PDAC044T	PASS	Gly12Val	KRAS	NP_001356715.1
chr12	25245350	rs121913529	PDAC044T	PASS	Gly12Val	KRAS	NP_001356716.1
chr12	25245350	rs121913529	PDAC044T	PASS	Gly12Val	KRAS	NP_004976.2
chr12	25245350	rs121913529	PDAC044T	PASS	Gly12Val	KRAS	NP_203524.1
chr17	7675125		PDAC044T	PASS	Tyr163Asn	TP53	NP_000537.3
chr17	7675125		PDAC044T	PASS	Tyr163Asn	TP53	NP_001119584.1
chr17	7675125		PDAC044T	PASS	Tyr163Asn	TP53	NP_001119585.1
chr17	7675125		PDAC044T	PASS	Tyr163Asn	TP53	NP_001119586.1
chr17	7675125		PDAC044T	PASS	Tyr31Asn	TP53	NP_001119587.1
chr17	7675125		PDAC044T	PASS	Tyr31Asn	TP53	NP_001119588.1
chr17	7675125		PDAC044T	PASS	Tyr31Asn	TP53	NP_001119589.1
chr17	7675125		PDAC044T	PASS	Tyr124Asn	TP53	NP_001119590.1
chr17	7675125		PDAC044T	PASS	Tyr124Asn	TP53	NP_001263624.1
chr17	7675125		PDAC044T	PASS	Tyr124Asn	TP53	NP_001263625.1
chr17	7675125		PDAC044T	PASS	Tyr4Asn	TP53	NP_001263626.1
chr17	7675125		PDAC044T	PASS	Tyr4Asn	TP53	NP_001263627.1
chr17	7675125		PDAC044T	PASS	Tyr4Asn	TP53	NP_001263628.1
chr17	7675125		PDAC044T	PASS	Tyr124Asn	TP53	NP_001263689.1
chr17	7675125		PDAC044T	PASS	Tyr124Asn	TP53	NP_001263690.1
chr18	51065549	rs377767347	PDAC044T	PASS	Arg361His	SMAD4	NP_005350.1
chr12	25245351	rs121913530	PDAC045T	PASS	Gly12Arg	KRAS	NP_001356715.1
chr12	25245351	rs121913530	PDAC045T	PASS	Gly12Arg	KRAS	NP_001356716.1
chr12	25245351	rs121913530	PDAC045T	PASS	Gly12Arg	KRAS	NP_004976.2
chr12	25245351	rs121913530	PDAC045T	PASS	Gly12Arg	KRAS	NP_203524.1
chr12	25245351	rs121913530	PDAC046T	PASS	Gly12Arg	KRAS	NP_001356715.1
chr12	25245351	rs121913530	PDAC046T	PASS	Gly12Arg	KRAS	NP_001356716.1
chr12	25245351	rs121913530	PDAC046T	PASS	Gly12Arg	KRAS	NP_004976.2
chr12	25245351	rs121913530	PDAC046T	PASS	Gly12Arg	KRAS	NP_203524.1
chr17	7673806		PDAC046T	PASS	Val272Leu	TP53	NP_000537.3
chr17	7673806		PDAC046T	PASS	Val272Leu	TP53	NP_001119584.1
chr17	7673806		PDAC046T	PASS	Val272Leu	TP53	NP_001119585.1
chr17	7673806		PDAC046T	PASS	Val272Leu	TP53	NP_001119586.1
chr17	7673806		PDAC046T	PASS	Val140Leu	TP53	NP_001119587.1
chr17	7673806		PDAC046T	PASS	Val140Leu	TP53	NP_001119588.1
chr17	7673806		PDAC046T	PASS	Val140Leu	TP53	NP_001119589.1
chr17	7673806		PDAC046T	PASS	Val233Leu	TP53	NP_001119590.1
chr17	7673806		PDAC046T	PASS	Val233Leu	TP53	NP_001263624.1
chr17	7673806		PDAC046T	PASS	Val233Leu	TP53	NP_001263625.1
chr17	7673806		PDAC046T	PASS	Val113Leu	TP53	NP_001263626.1
chr17	7673806		PDAC046T	PASS	Val113Leu	TP53	NP_001263627.1
chr17	7673806		PDAC046T	PASS	Val113Leu	TP53	NP_001263628.1
chr17	7673806		PDAC046T	PASS	Val233Leu	TP53	NP_001263689.1
chr17	7673806		PDAC046T	PASS	Val233Leu	TP53	NP_001263690.1
chr12	25245350	rs121913529	PDAC047T	PASS	Gly12Asp	KRAS	NP_001356715.1
chr12	25245350	rs121913529	PDAC047T	PASS	Gly12Asp	KRAS	NP_001356716.1
chr12	25245350	rs121913529	PDAC047T	PASS	Gly12Asp	KRAS	NP_004976.2
chr12	25245350	rs121913529	PDAC047T	PASS	Gly12Asp	KRAS	NP_203524.1
chr13	32380028		PDAC047T	PASS	Gln3047Lys	BRCA2	NP_000050.2
chr17	7670700	rs587782529	PDAC047T	PASS	Arg337Cys	TP53	NP_000537.3
chr17	7670700	rs587782529	PDAC047T	PASS	Arg337Cys	TP53	NP_001119584.1
chr17	7670700	rs587782529	PDAC047T	PASS	.	TP53	.
chr17	7670700	rs587782529	PDAC047T	PASS	Arg205Cys	TP53	NP_001119587.1
chr17	7670700	rs587782529	PDAC047T	PASS	Arg298Cys	TP53	NP_001119590.1
chr17	7670700	rs587782529	PDAC047T	PASS	Arg178Cys	TP53	NP_001263626.1
chr17	7670700	rs587782529	PDAC047T	PASS	Arg298Cys	TP53	NP_001263689.1
chr17	7670700	rs587782529	PDAC047T	PASS	Arg298Cys	TP53	NP_001263690.1
chr17	7688396		PDAC047T	PASS	.	TP53	.
chr12	25245350	rs121913529	PDAC048T	PASS	Gly12Asp	KRAS	NP_001356715.1
chr12	25245350	rs121913529	PDAC048T	PASS	Gly12Asp	KRAS	NP_001356716.1
chr12	25245350	rs121913529	PDAC048T	PASS	Gly12Asp	KRAS	NP_004976.2
chr12	25245350	rs121913529	PDAC048T	PASS	Gly12Asp	KRAS	NP_203524.1
chr17	7674180		PDAC048T	PASS	.	TP53	.
chr12	25245350	rs121913529	PDAC049T	PASS	Gly12Asp	KRAS	NP_001356715.1
chr12	25245350	rs121913529	PDAC049T	PASS	Gly12Asp	KRAS	NP_001356716.1
chr12	25245350	rs121913529	PDAC049T	PASS	Gly12Asp	KRAS	NP_004976.2
chr12	25245350	rs121913529	PDAC049T	PASS	Gly12Asp	KRAS	NP_203524.1
chr17	7676217		PDAC049T	PASS	Glu51AsnfsTer72	TP53	NP_000537.3
chr17	7676217		PDAC049T	PASS	Glu51AsnfsTer72	TP53	NP_001119584.1
chr17	7676217		PDAC049T	PASS	Glu51AsnfsTer72	TP53	NP_001119585.1
chr17	7676217		PDAC049T	PASS	Glu51AsnfsTer72	TP53	NP_001119586.1
chr17	7676217		PDAC049T	PASS	.	TP53	.
chr17	7676217		PDAC049T	PASS	Glu12AsnfsTer72	TP53	NP_001119590.1
chr17	7676217		PDAC049T	PASS	Glu12AsnfsTer72	TP53	NP_001263624.1
chr17	7676217		PDAC049T	PASS	Glu12AsnfsTer72	TP53	NP_001263625.1
chr17	7676217		PDAC049T	PASS	Glu12AsnfsTer72	TP53	NP_001263689.1
chr17	7676217		PDAC049T	PASS	Glu12AsnfsTer72	TP53	NP_001263690.1
chr18	51065549	rs377767347	PDAC049T	PASS	Arg361His	SMAD4	NP_005350.1
chr12	25245351	rs121913530	PDAC050T	PASS	Gly12Arg	KRAS	NP_001356715.1
chr12	25245351	rs121913530	PDAC050T	PASS	Gly12Arg	KRAS	NP_001356716.1
chr12	25245351	rs121913530	PDAC050T	PASS	Gly12Arg	KRAS	NP_004976.2
chr12	25245351	rs121913530	PDAC050T	PASS	Gly12Arg	KRAS	NP_203524.1
chr17	7674241	rs28934573	PDAC050T	PASS	Ser241Cys	TP53	NP_000537.3
chr17	7674241	rs28934573	PDAC050T	PASS	Ser241Cys	TP53	NP_001119584.1
chr17	7674241	rs28934573	PDAC050T	PASS	Ser241Cys	TP53	NP_001119585.1
chr17	7674241	rs28934573	PDAC050T	PASS	Ser241Cys	TP53	NP_001119586.1
chr17	7674241	rs28934573	PDAC050T	PASS	Ser109Cys	TP53	NP_001119587.1
chr17	7674241	rs28934573	PDAC050T	PASS	Ser109Cys	TP53	NP_001119588.1
chr17	7674241	rs28934573	PDAC050T	PASS	Ser109Cys	TP53	NP_001119589.1
chr17	7674241	rs28934573	PDAC050T	PASS	Ser202Cys	TP53	NP_001119590.1
chr17	7674241	rs28934573	PDAC050T	PASS	Ser202Cys	TP53	NP_001263624.1
chr17	7674241	rs28934573	PDAC050T	PASS	Ser202Cys	TP53	NP_001263625.1
chr17	7674241	rs28934573	PDAC050T	PASS	Ser82Cys	TP53	NP_001263626.1
chr17	7674241	rs28934573	PDAC050T	PASS	Ser82Cys	TP53	NP_001263627.1
chr17	7674241	rs28934573	PDAC050T	PASS	Ser82Cys	TP53	NP_001263628.1
chr17	7674241	rs28934573	PDAC050T	PASS	Ser202Cys	TP53	NP_001263689.1
chr17	7674241	rs28934573	PDAC050T	PASS	Ser202Cys	TP53	NP_001263690.1
chr18	51065548	rs80338963	PDAC050T	PASS	Arg361Cys	SMAD4	NP_005350.1
chr12	25227341	rs17851045	PDAC051T	PASS	Gln61His	KRAS	NP_001356715.1
chr12	25227341	rs17851045	PDAC051T	PASS	Gln61His	KRAS	NP_001356716.1
chr12	25227341	rs17851045	PDAC051T	PASS	Gln61His	KRAS	NP_004976.2
chr12	25227341	rs17851045	PDAC051T	PASS	Gln61His	KRAS	NP_203524.1
chr12	25245350	rs121913529	PDAC052T	PASS	Gly12Asp	KRAS	NP_001356715.1
chr12	25245350	rs121913529	PDAC052T	PASS	Gly12Asp	KRAS	NP_001356716.1
chr12	25245350	rs121913529	PDAC052T	PASS	Gly12Asp	KRAS	NP_004976.2
chr12	25245350	rs121913529	PDAC052T	PASS	Gly12Asp	KRAS	NP_203524.1
chr12	25227341	rs17851045	PDAC053T	PASS	Gln61His	KRAS	NP_001356715.1
chr12	25227341	rs17851045	PDAC053T	PASS	Gln61His	KRAS	NP_001356716.1
chr12	25227341	rs17851045	PDAC053T	PASS	Gln61His	KRAS	NP_004976.2
chr12	25227341	rs17851045	PDAC053T	PASS	Gln61His	KRAS	NP_203524.1
chr17	7674950		PDAC053T	PASS	Leu194Pro	TP53	NP_000537.3
chr17	7674950		PDAC053T	PASS	Leu194Pro	TP53	NP_001119584.1
chr17	7674950		PDAC053T	PASS	Leu194Pro	TP53	NP_001119585.1
chr17	7674950		PDAC053T	PASS	Leu194Pro	TP53	NP_001119586.1
chr17	7674950		PDAC053T	PASS	Leu62Pro	TP53	NP_001119587.1
chr17	7674950		PDAC053T	PASS	Leu62Pro	TP53	NP_001119588.1
chr17	7674950		PDAC053T	PASS	Leu62Pro	TP53	NP_001119589.1
chr17	7674950		PDAC053T	PASS	Leu155Pro	TP53	NP_001119590.1
chr17	7674950		PDAC053T	PASS	Leu155Pro	TP53	NP_001263624.1
chr17	7674950		PDAC053T	PASS	Leu155Pro	TP53	NP_001263625.1
chr17	7674950		PDAC053T	PASS	Leu35Pro	TP53	NP_001263626.1
chr17	7674950		PDAC053T	PASS	Leu35Pro	TP53	NP_001263627.1
chr17	7674950		PDAC053T	PASS	Leu35Pro	TP53	NP_001263628.1
chr17	7674950		PDAC053T	PASS	Leu155Pro	TP53	NP_001263689.1
chr17	7674950		PDAC053T	PASS	Leu155Pro	TP53	NP_001263690.1
chr12	25245351	rs121913530	PDAC054T	PASS	Gly12Cys	KRAS	NP_001356715.1
chr12	25245351	rs121913530	PDAC054T	PASS	Gly12Cys	KRAS	NP_001356716.1
chr12	25245351	rs121913530	PDAC054T	PASS	Gly12Cys	KRAS	NP_004976.2
chr12	25245351	rs121913530	PDAC054T	PASS	Gly12Cys	KRAS	NP_203524.1
chr17	7674945	rs397516435	PDAC054T	PASS	Arg196Ter	TP53	NP_000537.3
chr17	7674945	rs397516435	PDAC054T	PASS	Arg196Ter	TP53	NP_001119584.1
chr17	7674945	rs397516435	PDAC054T	PASS	Arg196Ter	TP53	NP_001119585.1
chr17	7674945	rs397516435	PDAC054T	PASS	Arg196Ter	TP53	NP_001119586.1
chr17	7674945	rs397516435	PDAC054T	PASS	Arg64Ter	TP53	NP_001119587.1
chr17	7674945	rs397516435	PDAC054T	PASS	Arg64Ter	TP53	NP_001119588.1
chr17	7674945	rs397516435	PDAC054T	PASS	Arg64Ter	TP53	NP_001119589.1
chr17	7674945	rs397516435	PDAC054T	PASS	Arg157Ter	TP53	NP_001119590.1
chr17	7674945	rs397516435	PDAC054T	PASS	Arg157Ter	TP53	NP_001263624.1
chr17	7674945	rs397516435	PDAC054T	PASS	Arg157Ter	TP53	NP_001263625.1
chr17	7674945	rs397516435	PDAC054T	PASS	Arg37Ter	TP53	NP_001263626.1
chr17	7674945	rs397516435	PDAC054T	PASS	Arg37Ter	TP53	NP_001263627.1
chr17	7674945	rs397516435	PDAC054T	PASS	Arg37Ter	TP53	NP_001263628.1
chr17	7674945	rs397516435	PDAC054T	PASS	Arg157Ter	TP53	NP_001263689.1
chr17	7674945	rs397516435	PDAC054T	PASS	Arg157Ter	TP53	NP_001263690.1
chr12	25245351	rs121913530	PDAC055T	PASS	Gly12Arg	KRAS	NP_001356715.1
chr12	25245351	rs121913530	PDAC055T	PASS	Gly12Arg	KRAS	NP_001356716.1
chr12	25245351	rs121913530	PDAC055T	PASS	Gly12Arg	KRAS	NP_004976.2
chr12	25245351	rs121913530	PDAC055T	PASS	Gly12Arg	KRAS	NP_203524.1
chr17	7674252	rs587782664	PDAC055T	PASS	Met237Ile	TP53	NP_000537.3
chr17	7674252	rs587782664	PDAC055T	PASS	Met237Ile	TP53	NP_001119584.1
chr17	7674252	rs587782664	PDAC055T	PASS	Met237Ile	TP53	NP_001119585.1
chr17	7674252	rs587782664	PDAC055T	PASS	Met237Ile	TP53	NP_001119586.1
chr17	7674252	rs587782664	PDAC055T	PASS	Met105Ile	TP53	NP_001119587.1
chr17	7674252	rs587782664	PDAC055T	PASS	Met105Ile	TP53	NP_001119588.1
chr17	7674252	rs587782664	PDAC055T	PASS	Met105Ile	TP53	NP_001119589.1
chr17	7674252	rs587782664	PDAC055T	PASS	Met198Ile	TP53	NP_001119590.1
chr17	7674252	rs587782664	PDAC055T	PASS	Met198Ile	TP53	NP_001263624.1
chr17	7674252	rs587782664	PDAC055T	PASS	Met198Ile	TP53	NP_001263625.1
chr17	7674252	rs587782664	PDAC055T	PASS	Met78Ile	TP53	NP_001263626.1
chr17	7674252	rs587782664	PDAC055T	PASS	Met78Ile	TP53	NP_001263627.1
chr17	7674252	rs587782664	PDAC055T	PASS	Met78Ile	TP53	NP_001263628.1
chr17	7674252	rs587782664	PDAC055T	PASS	Met198Ile	TP53	NP_001263689.1
chr17	7674252	rs587782664	PDAC055T	PASS	Met198Ile	TP53	NP_001263690.1
chr18	51078394		PDAC055T	PASS	Leu529Ter	SMAD4	NP_005350.1
chr12	25245350	rs121913529	PDAC056T	PASS	Gly12Asp	KRAS	NP_001356715.1
chr12	25245350	rs121913529	PDAC056T	PASS	Gly12Asp	KRAS	NP_001356716.1
chr12	25245350	rs121913529	PDAC056T	PASS	Gly12Asp	KRAS	NP_004976.2
chr12	25245350	rs121913529	PDAC056T	PASS	Gly12Asp	KRAS	NP_203524.1
chr12	25245350	rs121913529	PDAC057T	PASS	Gly12Val	KRAS	NP_001356715.1
chr12	25245350	rs121913529	PDAC057T	PASS	Gly12Val	KRAS	NP_001356716.1
chr12	25245350	rs121913529	PDAC057T	PASS	Gly12Val	KRAS	NP_004976.2
chr12	25245350	rs121913529	PDAC057T	PASS	Gly12Val	KRAS	NP_203524.1
chr17	7674268	rs587781589	PDAC057T	PASS	Ile232Thr	TP53	NP_000537.3
chr17	7674268	rs587781589	PDAC057T	PASS	Ile232Thr	TP53	NP_001119584.1
chr17	7674268	rs587781589	PDAC057T	PASS	Ile232Thr	TP53	NP_001119585.1
chr17	7674268	rs587781589	PDAC057T	PASS	Ile232Thr	TP53	NP_001119586.1
chr17	7674268	rs587781589	PDAC057T	PASS	Ile100Thr	TP53	NP_001119587.1
chr17	7674268	rs587781589	PDAC057T	PASS	Ile100Thr	TP53	NP_001119588.1
chr17	7674268	rs587781589	PDAC057T	PASS	Ile100Thr	TP53	NP_001119589.1
chr17	7674268	rs587781589	PDAC057T	PASS	Ile193Thr	TP53	NP_001119590.1
chr17	7674268	rs587781589	PDAC057T	PASS	Ile193Thr	TP53	NP_001263624.1
chr17	7674268	rs587781589	PDAC057T	PASS	Ile193Thr	TP53	NP_001263625.1
chr17	7674268	rs587781589	PDAC057T	PASS	Ile73Thr	TP53	NP_001263626.1
chr17	7674268	rs587781589	PDAC057T	PASS	Ile73Thr	TP53	NP_001263627.1
chr17	7674268	rs587781589	PDAC057T	PASS	Ile73Thr	TP53	NP_001263628.1
chr17	7674268	rs587781589	PDAC057T	PASS	Ile193Thr	TP53	NP_001263689.1
chr17	7674268	rs587781589	PDAC057T	PASS	Ile193Thr	TP53	NP_001263690.1
chr12	25245350	rs121913529	PDAC058T	PASS	Gly12Asp	KRAS	NP_001356715.1
chr12	25245350	rs121913529	PDAC058T	PASS	Gly12Asp	KRAS	NP_001356716.1
chr12	25245350	rs121913529	PDAC058T	PASS	Gly12Asp	KRAS	NP_004976.2
chr12	25245350	rs121913529	PDAC058T	PASS	Gly12Asp	KRAS	NP_203524.1
chr17	7675086		PDAC058T	PASS	Cys176Ser	TP53	NP_000537.3
chr17	7675086		PDAC058T	PASS	Cys176Ser	TP53	NP_001119584.1
chr17	7675086		PDAC058T	PASS	Cys176Ser	TP53	NP_001119585.1
chr17	7675086		PDAC058T	PASS	Cys176Ser	TP53	NP_001119586.1
chr17	7675086		PDAC058T	PASS	Cys44Ser	TP53	NP_001119587.1
chr17	7675086		PDAC058T	PASS	Cys44Ser	TP53	NP_001119588.1
chr17	7675086		PDAC058T	PASS	Cys44Ser	TP53	NP_001119589.1
chr17	7675086		PDAC058T	PASS	Cys137Ser	TP53	NP_001119590.1
chr17	7675086		PDAC058T	PASS	Cys137Ser	TP53	NP_001263624.1
chr17	7675086		PDAC058T	PASS	Cys137Ser	TP53	NP_001263625.1
chr17	7675086		PDAC058T	PASS	Cys17Ser	TP53	NP_001263626.1
chr17	7675086		PDAC058T	PASS	Cys17Ser	TP53	NP_001263627.1
chr17	7675086		PDAC058T	PASS	Cys17Ser	TP53	NP_001263628.1
chr17	7675086		PDAC058T	PASS	Cys137Ser	TP53	NP_001263689.1
chr17	7675086		PDAC058T	PASS	Cys137Ser	TP53	NP_001263690.1
chr12	25245351	rs121913530	PDAC059T	PASS	Gly12Arg	KRAS	NP_001356715.1
chr12	25245351	rs121913530	PDAC059T	PASS	Gly12Arg	KRAS	NP_001356716.1
chr12	25245351	rs121913530	PDAC059T	PASS	Gly12Arg	KRAS	NP_004976.2
chr12	25245351	rs121913530	PDAC059T	PASS	Gly12Arg	KRAS	NP_203524.1
chr17	7674957		PDAC059T	PASS	Gln192Ter	TP53	NP_000537.3
chr17	7674957		PDAC059T	PASS	Gln192Ter	TP53	NP_001119584.1
chr17	7674957		PDAC059T	PASS	Gln192Ter	TP53	NP_001119585.1
chr17	7674957		PDAC059T	PASS	Gln192Ter	TP53	NP_001119586.1
chr17	7674957		PDAC059T	PASS	Gln60Ter	TP53	NP_001119587.1
chr17	7674957		PDAC059T	PASS	Gln60Ter	TP53	NP_001119588.1
chr17	7674957		PDAC059T	PASS	Gln60Ter	TP53	NP_001119589.1
chr17	7674957		PDAC059T	PASS	Gln153Ter	TP53	NP_001119590.1
chr17	7674957		PDAC059T	PASS	Gln153Ter	TP53	NP_001263624.1
chr17	7674957		PDAC059T	PASS	Gln153Ter	TP53	NP_001263625.1
chr17	7674957		PDAC059T	PASS	Gln33Ter	TP53	NP_001263626.1
chr17	7674957		PDAC059T	PASS	Gln33Ter	TP53	NP_001263627.1
chr17	7674957		PDAC059T	PASS	Gln33Ter	TP53	NP_001263628.1
chr17	7674957		PDAC059T	PASS	Gln153Ter	TP53	NP_001263689.1
chr17	7674957		PDAC059T	PASS	Gln153Ter	TP53	NP_001263690.1
chr12	25245350	rs121913529	PDAC060T	PASS	Gly12Asp	KRAS	NP_001356715.1
chr12	25245350	rs121913529	PDAC060T	PASS	Gly12Asp	KRAS	NP_001356716.1
chr12	25245350	rs121913529	PDAC060T	PASS	Gly12Asp	KRAS	NP_004976.2
chr12	25245350	rs121913529	PDAC060T	PASS	Gly12Asp	KRAS	NP_203524.1
chr13	32363171		PDAC060T	PASS	.	BRCA2	.
chr17	7675160		PDAC060T	PASS	Pro151Arg	TP53	NP_000537.3
chr17	7675160		PDAC060T	PASS	Pro151Arg	TP53	NP_001119584.1
chr17	7675160		PDAC060T	PASS	Pro151Arg	TP53	NP_001119585.1
chr17	7675160		PDAC060T	PASS	Pro151Arg	TP53	NP_001119586.1
chr17	7675160		PDAC060T	PASS	Pro19Arg	TP53	NP_001119587.1
chr17	7675160		PDAC060T	PASS	Pro19Arg	TP53	NP_001119588.1
chr17	7675160		PDAC060T	PASS	Pro19Arg	TP53	NP_001119589.1
chr17	7675160		PDAC060T	PASS	Pro112Arg	TP53	NP_001119590.1
chr17	7675160		PDAC060T	PASS	Pro112Arg	TP53	NP_001263624.1
chr17	7675160		PDAC060T	PASS	Pro112Arg	TP53	NP_001263625.1
chr17	7675160		PDAC060T	PASS	.	TP53	.
chr17	7675160		PDAC060T	PASS	Pro112Arg	TP53	NP_001263689.1
chr17	7675160		PDAC060T	PASS	Pro112Arg	TP53	NP_001263690.1
chr13	32336338		PDAC061T	PASS	Ser662LeufsTer6	BRCA2	NP_000050.2
chr13	32336801		PDAC061T	PASS	Glu816Ter	BRCA2	NP_000050.2
chr12	25245351	rs121913530	PDAC062T	PASS	Gly12Arg	KRAS	NP_001356715.1
chr12	25245351	rs121913530	PDAC062T	PASS	Gly12Arg	KRAS	NP_001356716.1
chr12	25245351	rs121913530	PDAC062T	PASS	Gly12Arg	KRAS	NP_004976.2
chr12	25245351	rs121913530	PDAC062T	PASS	Gly12Arg	KRAS	NP_203524.1
chr17	7675088	rs28934578	PDAC062T	PASS	Arg175His	TP53	NP_000537.3
chr17	7675088	rs28934578	PDAC062T	PASS	Arg175His	TP53	NP_001119584.1
chr17	7675088	rs28934578	PDAC062T	PASS	Arg175His	TP53	NP_001119585.1
chr17	7675088	rs28934578	PDAC062T	PASS	Arg175His	TP53	NP_001119586.1
chr17	7675088	rs28934578	PDAC062T	PASS	Arg43His	TP53	NP_001119587.1
chr17	7675088	rs28934578	PDAC062T	PASS	Arg43His	TP53	NP_001119588.1
chr17	7675088	rs28934578	PDAC062T	PASS	Arg43His	TP53	NP_001119589.1
chr17	7675088	rs28934578	PDAC062T	PASS	Arg136His	TP53	NP_001119590.1
chr17	7675088	rs28934578	PDAC062T	PASS	Arg136His	TP53	NP_001263624.1
chr17	7675088	rs28934578	PDAC062T	PASS	Arg136His	TP53	NP_001263625.1
chr17	7675088	rs28934578	PDAC062T	PASS	Arg16His	TP53	NP_001263626.1
chr17	7675088	rs28934578	PDAC062T	PASS	Arg16His	TP53	NP_001263627.1
chr17	7675088	rs28934578	PDAC062T	PASS	Arg16His	TP53	NP_001263628.1
chr17	7675088	rs28934578	PDAC062T	PASS	Arg136His	TP53	NP_001263689.1
chr17	7675088	rs28934578	PDAC062T	PASS	Arg136His	TP53	NP_001263690.1
chr12	25245350	rs121913529	PDAC063T	PASS	Gly12Val	KRAS	NP_001356715.1
chr12	25245350	rs121913529	PDAC063T	PASS	Gly12Val	KRAS	NP_001356716.1
chr12	25245350	rs121913529	PDAC063T	PASS	Gly12Val	KRAS	NP_004976.2
chr12	25245350	rs121913529	PDAC063T	PASS	Gly12Val	KRAS	NP_203524.1
chr17	7673704	rs121913344	PDAC063T	PASS	Arg306Ter	TP53	NP_000537.3
chr17	7673704	rs121913344	PDAC063T	PASS	Arg306Ter	TP53	NP_001119584.1
chr17	7673704	rs121913344	PDAC063T	PASS	Arg306Ter	TP53	NP_001119585.1
chr17	7673704	rs121913344	PDAC063T	PASS	Arg306Ter	TP53	NP_001119586.1
chr17	7673704	rs121913344	PDAC063T	PASS	Arg174Ter	TP53	NP_001119587.1
chr17	7673704	rs121913344	PDAC063T	PASS	Arg174Ter	TP53	NP_001119588.1
chr17	7673704	rs121913344	PDAC063T	PASS	Arg174Ter	TP53	NP_001119589.1
chr17	7673704	rs121913344	PDAC063T	PASS	Arg267Ter	TP53	NP_001119590.1
chr17	7673704	rs121913344	PDAC063T	PASS	Arg267Ter	TP53	NP_001263624.1
chr17	7673704	rs121913344	PDAC063T	PASS	Arg267Ter	TP53	NP_001263625.1
chr17	7673704	rs121913344	PDAC063T	PASS	Arg147Ter	TP53	NP_001263626.1
chr17	7673704	rs121913344	PDAC063T	PASS	Arg147Ter	TP53	NP_001263627.1
chr17	7673704	rs121913344	PDAC063T	PASS	Arg147Ter	TP53	NP_001263628.1
chr17	7673704	rs121913344	PDAC063T	PASS	Arg267Ter	TP53	NP_001263689.1
chr17	7673704	rs121913344	PDAC063T	PASS	Arg267Ter	TP53	NP_001263690.1
chr17	7673704	rs121913344	PDAC063T	PASS	.	TP53	.
chr18	51078408	rs377767383	PDAC063T	PASS	Gln534Ter	SMAD4	NP_005350.1
chr12	25245351	rs121913530	PDAC064T	PASS	Gly12Arg	KRAS	NP_001356715.1
chr12	25245351	rs121913530	PDAC064T	PASS	Gly12Arg	KRAS	NP_001356716.1
chr12	25245351	rs121913530	PDAC064T	PASS	Gly12Arg	KRAS	NP_004976.2
chr12	25245351	rs121913530	PDAC064T	PASS	Gly12Arg	KRAS	NP_203524.1
chr17	7674954		PDAC064T	PASS	His193Tyr	TP53	NP_000537.3
chr17	7674954		PDAC064T	PASS	His193Tyr	TP53	NP_001119584.1
chr17	7674954		PDAC064T	PASS	His193Tyr	TP53	NP_001119585.1
chr17	7674954		PDAC064T	PASS	His193Tyr	TP53	NP_001119586.1
chr17	7674954		PDAC064T	PASS	His61Tyr	TP53	NP_001119587.1
chr17	7674954		PDAC064T	PASS	His61Tyr	TP53	NP_001119588.1
chr17	7674954		PDAC064T	PASS	His61Tyr	TP53	NP_001119589.1
chr17	7674954		PDAC064T	PASS	His154Tyr	TP53	NP_001119590.1
chr17	7674954		PDAC064T	PASS	His154Tyr	TP53	NP_001263624.1
chr17	7674954		PDAC064T	PASS	His154Tyr	TP53	NP_001263625.1
chr17	7674954		PDAC064T	PASS	His34Tyr	TP53	NP_001263626.1
chr17	7674954		PDAC064T	PASS	His34Tyr	TP53	NP_001263627.1
chr17	7674954		PDAC064T	PASS	His34Tyr	TP53	NP_001263628.1
chr17	7674954		PDAC064T	PASS	His154Tyr	TP53	NP_001263689.1
chr17	7674954		PDAC064T	PASS	His154Tyr	TP53	NP_001263690.1
chr18	51078394		PDAC064T	PASS	His530ThrfsTer47	SMAD4	NP_005350.1
chr12	25245350	rs121913529	PDAC065T	PASS	Gly12Val	KRAS	NP_001356715.1
chr12	25245350	rs121913529	PDAC065T	PASS	Gly12Val	KRAS	NP_001356716.1
chr12	25245350	rs121913529	PDAC065T	PASS	Gly12Val	KRAS	NP_004976.2
chr12	25245350	rs121913529	PDAC065T	PASS	Gly12Val	KRAS	NP_203524.1
chr17	7673700		PDAC065T	PASS	.	TP53	.
